{
  "train_loss": [
    1.558973078188505,
    1.3523916064899935,
    1.2978943442293915,
    1.2660036607750769,
    1.2433989778854895,
    1.2084158836737968,
    1.1628773801871255,
    1.125032601890437,
    1.0919183812490323,
    1.0719761189626749,
    1.0480085134241903,
    1.032170247146137,
    1.0107067590806542,
    0.9970162955593904,
    0.9837531469877966,
    0.9696200215102828,
    0.9643577479998976,
    0.9554000308534787,
    0.9531218878710085,
    0.9460036751304127,
    0.9407211153575956,
    0.9371978125788949,
    0.9312612907981661,
    0.925829467910885,
    0.9302594376244725
  ],
  "train_acc": [
    60.9305709534368,
    68.90936807095343,
    70.91879157427938,
    72.21798780487805,
    73.42017738359202,
    74.65701219512195,
    76.60407427937915,
    78.0210643015521,
    79.67017738359202,
    80.3734756097561,
    81.31929046563194,
    81.95676274944567,
    82.91990022172949,
    83.33564301552107,
    84.03201219512195,
    84.3680709534368,
    84.90507206208426,
    85.16144678492239,
    85.11640798226165,
    85.59797671840354,
    85.68458980044346,
    85.80238359201773,
    86.0345066518847,
    86.4329268292683,
    86.08647450110864
  ],
  "val_loss": [
    0.9686253958756161,
    0.8801874825634908,
    0.8548304340274063,
    0.8404167085578761,
    0.8100054681915598,
    0.7773390676557403,
    0.7585565902523159,
    0.7260046103565964,
    0.7137828318728614,
    0.6942672047418418,
    0.6838545111036792,
    0.6719461897599328,
    0.6656170868382012,
    0.6593870161120424,
    0.6464133898621982,
    0.6428472384349587,
    0.6387467104749581,
    0.6351856675344644,
    0.6324680137265589,
    0.6307875286672533,
    0.6298218805765369,
    0.6294581118932704,
    0.6265966124141339,
    0.6270852291706911,
    0.624896806232708
  ],
  "val_acc": [
    85.89888547892102,
    90.0823776449685,
    90.6477144241641,
    90.74462930059765,
    91.85915037958327,
    93.07058633500243,
    93.79744790825391,
    95.20271361654014,
    95.63883056049104,
    96.33338717493135,
    96.78565659828784,
    97.38329833629462,
    97.36714585688904,
    97.60943304797286,
    98.09400743014052,
    98.32014214181876,
    98.32014214181876,
    98.62703925052494,
    98.67549668874173,
    98.7078016475529,
    98.72395412695849,
    98.67549668874173,
    98.62703925052494,
    98.80471652398643,
    98.86932644160879
  ],
  "lr": [
    0.0009960612933065818,
    0.0009843072889837514,
    0.000964923354701182,
    0.0009382151866819102,
    0.0009046039886902867,
    0.0009938503261272714,
    0.0009755527298894295,
    0.0009455577588320899,
    0.0009046039886902865,
    0.0008536998372026806,
    0.0007940987335200905,
    0.0007272682546199038,
    0.0006548539886902865,
    0.0005786390152875956,
    0.0005005000000000002,
    0.000422360984712405,
    0.00034614601130971394,
    0.0002737317453800965,
    0.00020690126647990978,
    0.00014730016279731957,
    9.639601130971382e-05,
    5.54422411679103e-05,
    2.5447270110570818e-05,
    7.149673872728741e-06,
    1e-06
  ],
  "epoch_time": [
    256.42469811439514,
    204.9149100780487,
    215.95025300979614,
    261.3267092704773,
    220.0527172088623,
    343.9858798980713,
    387.44687056541443,
    274.6935305595398,
    275.73514223098755,
    266.2295014858246,
    243.70545315742493,
    236.09191870689392,
    304.8706383705139,
    347.4124436378479,
    367.8138246536255,
    307.32688546180725,
    296.9029269218445,
    298.0434379577637,
    879.9828169345856,
    303.4397246837616,
    291.76924657821655,
    291.5883378982544,
    347.2541103363037,
    287.9409770965576,
    590.4603447914124
  ]
}